{
  "{asid}": {
    "profileList": ["AsidAuthorities","AsidExecutives","AsidLicenseOwner","Public"],
    "useCaseMap": {}
  },
  "*": {
    "profileList": ["Authorities","Executives","AwidLicenseOwner","Public", "Teachers"],
    "useCaseMap": {
      "sys/uuAppWorkspace/init": {
        "sysStateList": ["created"],
        "profileList": ["AwidLicenseOwner"]
      },
      "defaultUve": {
        "profileList": ["Public"]
      },
      "sys/uuAppWorkspace/initUve": {
        "sysStateList": ["created"],
        "profileList": ["Public","AwidLicenseOwner"]
      },
      "subject/list": {
        "sysStateList": ["active"],
        "profileList": ["Authorities"]
      },
      "subject/get": {
        "sysStateList": ["active"],
        "profileList": ["Authorities"]
      },
      "subject/create": {
        "sysStateList": ["active"],
        "profileList": ["Authorities"]
      },
      "subject/update": {
        "sysStateList": ["active"],
        "profileList": ["Authorities"]
      },
      "topic/create": {
        "sysStateList": ["active"],
        "profileList": ["Authorities"]
      },
      "topic/list": {
        "sysStateList": ["active"],
        "profileList": ["Authorities"]
      },
      "topic/update": {
        "sysStateList": ["active"],
        "profileList": ["Authorities"]
      },
      "topic/remove": {
        "sysStateList": ["active"],
        "profileList": ["Authorities"]
      },
      "studyProgramme/create": {
        "sysStateList": ["active"],
        "profileList": ["Authorities"]
      },
      "studyProgramme/update": {
        "sysStateList": ["active"],
        "profileList": ["Authorities"]
      },
      "studyProgramme/list": {
        "sysStateList": ["active"],
        "profileList": ["Public","AwidLicenseOwner","1916-8357-1","Authorities","AsidAuthorities","AsidExecutives","AsidLicenseOwner","Executives"]
      },
      "studyProgramme/get": {
        "sysStateList": ["active"],
        "profileList": ["Authorities"]
      },
      "subject/assignSubject": {
        "sysStateList": ["active"],
        "profileList": ["Public","Authorities"]
      },
      "subject/listByStudyProgramme": {
        "sysStateList": ["active"],
        "profileList": ["Public"]
      },
      "subject/removeSubject": {
        "sysStateList": ["active"],
        "profileList": ["Public"]
      },
      "topic/digitalContentAdd": {
        "sysStateList": ["active"],
        "profileList": ["Teachers"]
      },
      "topic/digitalContentRemove": {
        "sysStateList": ["active"],
        "profileList": ["Teachers"]
      }
    }
  }
}