{
  "schemaVersion": "1.0.0",
  "schemaSpecificationUri": "https://uuapp.plus4u.net/uu-bookkit-maing01/bef682626ed943f28cde360ccb325981/book/page?code=uuSubAppInstanceDescriptor",
  "uuSubApp": {
    "code": "UUN.BPMI21WPT18.MAING01",
    "version": "0.2.8",
    "name": "uunBpmi21wpt18Maing01",
    "description": "",
    "license": "License Commercial",
    "asidRequired": true,
    "awidCount": 1,
    "resourcePoolUri": "ues:UCL-BT:UUN_STUDENTS03_AWE",
    "uuAppNodeSetMap": {
      "CMD": {
        "nodeSize": "G1_S",
        "nodeCount": {
          "min": 1,
          "max": 1
        },
        "appPackUri": "ues:UCL-BT:UUN.BPMI21WPT18.MAING01/APPBOX-0.2.8:UUN.BPMI21WPT18.MAING01/CMD-PACK",
        "runtimeStack": "UU.APPG01/APPSERVER_NODEJS_STACK-1.6"
      }
    },
    "uuAppObjectStoreMap": {
      "OSID_1": {
        "technology": "MongoDB-4.0",
        "size": 0.25,
        "backup": false,
        "alias": "primary"
      }
    },
    "uuConfigMap": {
      "asid_license_owner_list": [
        "1916-8357-1",
        "579-8661-2588-1"
      ],
      "uu_app_oidc_providers_oidcg02_client_executive": "579-8661-2588-1",
      "uu_app_oidc_primary_provider": "oidcg02",
      "uu_app_binarystore_uri": "https://uuappg01-eu-c-3.plus4u.net/uu-appbinarystore-maing02/491f66a0306bad36188d1ef117f014a1"
    }
  },
  "uuSubAppInstance": {
    "asid": "607685e335aa9ae56bf83985a313c695",
    "asidOwner": "579-8661-2588-1",
    "awidList": [
      {
        "awid": "79539c220a7ec219f920b0925d51c765",
        "awidOwner": "579-9848-7647-1"
      }
    ],
    "uuAppObjectStoreMap": {
      "OSID_1": {
        "osid": "quciptbjmbwz84rohudczlii42cvz73cz"
      }
    },
    "uuAppBinaryStoreMap": {
      "BSID_1": {
        "bsid": "https://uuappg01-eu-c-3.plus4u.net/uu-appbinarystore-maing02/b6fbf6b40f3dffd0073c87b9fe2755ab"
      }
    }
  }
}